<?xml version="1.1" encoding="UTF-8" standalone="yes"?>
<addon id="plugin.video.tvip" name="Tvip" version="1.1.5" provider-name="tvip">
  <requires>
	    <import addon="script.module.six" />
        <import addon="script.module.requests" />
        <import addon="script.module.kodi-six" />
        <import addon="script.module.addon.common" />
  </requires>
  <extension point="xbmc.python.pluginsource" library="default.py">
        <provides>video</provides>
  </extension>
  <extension point="xbmc.addon.metadata">
    <summary lang="es">Tvip</summary>
    <language>es</language>
    <description lang="es">Xtreamcodecs Ui</description>
     <platform>all</platform>
  <assets>
  <icon>icon.png</icon>
  <fanart>fanart.jpg</fanart>
     </assets>
  </extension>
</addon>
